first_name,last_name,email,gender,ip_address
Izabel,Jambrozek,ijambrozek0@fotki.com,Female,10.21.165.252
Danyette,Lockart,dlockart1@simplemachines.org,Female,211.14.127.27
Chris,Cortnay,ccortnay2@123-reg.co.uk,Male,44.111.11.200
Jud,Keers,jkeers3@shareasale.com,Male,91.126.58.144
Nevin,Lorie,nlorie4@mediafire.com,Male,139.179.40.238
Zechariah,Jenman,zjenman5@hatena.ne.jp,Male,36.19.216.89
Rebbecca,Henlon,rhenlon6@thetimes.co.uk,Female,200.246.185.179
Jamal,McElree,jmcelree7@4shared.com,Male,10.68.137.82
Annabella,Dysart,adysart8@mapy.cz,Female,85.239.27.240
Abie,Luce,aluce9@ning.com,Male,138.87.14.204
Kikelia,Weatherell,kweatherella@wsj.com,Female,147.130.205.113
Rozele,Ungerer,rungererb@trellian.com,Female,169.54.61.120
Axel,Janas,ajanasc@cocolog-nifty.com,Male,144.31.75.1
Elvira,Pulman,epulmand@dot.gov,Female,220.77.234.40
Rodolfo,Curragh,rcurraghe@shinystat.com,Male,231.25.214.105
Phillis,Shere,psheref@freewebs.com,Female,47.119.180.90
Janet,Keddie,jkeddieg@sfgate.com,Female,155.56.107.235
Reed,Bonefant,rbonefanth@cmu.edu,Male,32.177.247.227
Keith,Matieu,kmatieui@addthis.com,Male,42.95.234.124
Mella,Phare,mpharej@dedecms.com,Female,131.7.33.164
Niven,Lukianov,nlukianovk@cbsnews.com,Male,155.221.198.246
Stanly,Klimochkin,sklimochkinl@tiny.cc,Male,128.93.207.196
Dione,Tuckey,dtuckeym@yellowpages.com,Female,210.132.150.105
Olimpia,Vatini,ovatinin@chronoengine.com,Female,255.189.29.247
Rikki,McDonell,rmcdonello@mtv.com,Male,218.147.81.178
Colas,Christophle,cchristophlep@hibu.com,Male,89.49.235.101
Moises,Gwillym,mgwillymq@google.com,Male,254.4.91.34
Othelia,Everley,oeverleyr@wikia.com,Female,127.176.186.114
Ada,Few,afews@howstuffworks.com,Female,213.177.136.37
Ethelin,Dumbrell,edumbrellt@vimeo.com,Female,113.109.100.122
Lancelot,Blindmann,lblindmannu@oakley.com,Male,234.250.12.69
Corinne,Youd,cyoudv@mapy.cz,Female,164.200.255.164
Harwell,Coggeshall,hcoggeshallw@washington.edu,Male,246.159.244.206
Nora,Elphee,nelpheex@wikia.com,Female,192.46.58.92
Ashlen,Prestner,aprestnery@drupal.org,Female,95.181.194.83
Emili,Goodbourn,egoodbournz@cornell.edu,Female,148.131.84.190
Worth,Gregoratti,wgregoratti10@newyorker.com,Male,222.155.114.22
Ellswerth,Meredyth,emeredyth11@bloglovin.com,Male,29.207.56.174
Sully,Maciak,smaciak12@sohu.com,Male,56.108.232.243
Solomon,Dimeloe,sdimeloe13@live.com,Male,27.117.35.94
Irma,Lusk,ilusk14@si.edu,Female,55.197.65.145
Roseline,Godspeede,rgodspeede15@netvibes.com,Female,97.3.196.72
Jaime,Bracken,jbracken16@blogtalkradio.com,Female,227.163.196.237
Marylin,Kilmaster,mkilmaster17@github.com,Female,250.92.160.192
Lukas,Radnage,lradnage18@theglobeandmail.com,Male,45.205.232.59
Mitchell,Ginn,mginn19@sciencedirect.com,Male,110.249.171.77
Wilmar,Vasquez,wvasquez1a@google.cn,Male,58.113.43.214
Allard,Neising,aneising1b@reverbnation.com,Male,210.26.150.48
Rossie,Minerdo,rminerdo1c@usda.gov,Male,39.207.74.22
Kermit,McLeese,kmcleese1d@ibm.com,Male,59.65.36.97
Alessandro,Orwell,aorwell1e@istockphoto.com,Male,85.222.64.130
Elspeth,Farquhar,efarquhar1f@photobucket.com,Female,0.22.203.64
Margaret,Slocum,mslocum1g@redcross.org,Female,7.2.238.202
Jodi,Billson,jbillson1h@phpbb.com,Male,166.19.234.161
Wolfie,Saltrese,wsaltrese1i@a8.net,Male,48.135.55.147
Gaspar,Kings,gkings1j@cloudflare.com,Male,230.215.134.182
Ulysses,Voaden,uvoaden1k@spotify.com,Male,231.117.50.219
Timmie,Naulls,tnaulls1l@goo.gl,Male,235.230.235.32
Vin,Booker,vbooker1m@aol.com,Male,27.54.220.5
Roderich,Flintoft,rflintoft1n@gmpg.org,Male,121.253.214.9
My,Boij,mboij1o@last.fm,Male,176.47.137.65
Gale,Brownjohn,gbrownjohn1p@dyndns.org,Female,65.217.35.213
Willem,Woolmer,wwoolmer1q@amazon.com,Male,63.68.224.52
Ramonda,Tansley,rtansley1r@time.com,Female,201.181.200.85
Ali,Gilchrist,agilchrist1s@1688.com,Male,47.78.106.18
Rosie,Ahearne,rahearne1t@linkedin.com,Female,110.177.127.89
Klara,Measen,kmeasen1u@jiathis.com,Female,97.149.77.137
Caressa,Baudacci,cbaudacci1v@pbs.org,Female,157.44.175.179
Marcela,Stappard,mstappard1w@ihg.com,Female,50.176.142.153
Abbey,Atmore,aatmore1x@wufoo.com,Male,62.7.21.108
Stavro,Andriss,sandriss1y@amazon.de,Male,23.111.247.243
Wendie,Grgic,wgrgic1z@networksolutions.com,Female,20.39.203.89
Sam,Gaunt,sgaunt20@artisteer.com,Male,39.14.233.85
Benji,Jasik,bjasik21@phoca.cz,Male,130.253.178.180
Theresa,Dunk,tdunk22@posterous.com,Female,218.189.113.49
Dallon,Deverale,ddeverale23@sphinn.com,Male,166.36.61.116
Clyde,Matoshin,cmatoshin24@indiatimes.com,Male,122.73.241.22
Genevra,Veronique,gveronique25@earthlink.net,Female,192.54.186.78
Goraud,Teaze,gteaze26@hibu.com,Male,12.128.56.210
Hermia,Garrood,hgarrood27@state.tx.us,Female,96.100.86.74
Toby,Qualtro,tqualtro28@fda.gov,Male,104.1.221.14
Debbie,Dedney,ddedney29@ihg.com,Female,119.212.100.41
Des,Walenta,dwalenta2a@tuttocitta.it,Male,171.96.15.244
Timotheus,Syde,tsyde2b@pagesperso-orange.fr,Male,104.91.241.25
Lief,Cant,lcant2c@gizmodo.com,Male,76.17.252.27
Lina,St Quenin,lstquenin2d@psu.edu,Female,68.29.19.29
Roderick,Tumelty,rtumelty2e@hibu.com,Male,102.192.188.113
Meggie,Thormwell,mthormwell2f@creativecommons.org,Female,185.174.110.239
Cart,Tynemouth,ctynemouth2g@webnode.com,Male,80.196.18.249
Cecilla,Cheyne,ccheyne2h@homestead.com,Female,51.1.220.15
Stephine,Lush,slush2i@comcast.net,Female,30.152.156.33
Grange,Lownes,glownes2j@mozilla.org,Male,247.101.71.10
Mufi,Spain,mspain2k@bbc.co.uk,Female,209.22.147.211
Red,Nuzzti,rnuzzti2l@patch.com,Male,211.158.53.129
Erena,McMeanma,emcmeanma2m@elegantthemes.com,Female,129.226.131.252
Benedict,Spurling,bspurling2n@oracle.com,Male,37.241.59.48
Shelagh,Cuckson,scuckson2o@addtoany.com,Female,82.130.73.62
Garv,Francisco,gfrancisco2p@google.com.hk,Male,127.94.68.161
Rafi,Depport,rdepport2q@bigcartel.com,Male,66.111.23.39
Glyn,Wais,gwais2r@shareasale.com,Female,104.166.192.109
Roch,Langshaw,rlangshaw2s@unc.edu,Female,93.83.151.191
Rebekah,Escoffier,rescoffier2t@google.pl,Female,33.52.126.198
Philipa,Rawet,prawet2u@liveinternet.ru,Female,191.243.34.35
Trude,Treagus,ttreagus2v@w3.org,Female,141.189.2.242
Helyn,Bebbington,hbebbington2w@ocn.ne.jp,Female,58.197.149.185
Windham,Piddle,wpiddle2x@webmd.com,Male,27.141.49.177
Kain,Falkinder,kfalkinder2y@eventbrite.com,Male,153.141.119.245
Chery,Wayper,cwayper2z@accuweather.com,Female,239.89.96.14
Merle,Egleton,megleton30@vinaora.com,Male,168.147.37.216
Cello,Woodstock,cwoodstock31@acquirethisname.com,Male,196.198.76.168
Roosevelt,Ruger,rruger32@jalbum.net,Male,207.177.94.68
Webb,Portt,wportt33@joomla.org,Male,61.227.48.13
Christen,Chezelle,cchezelle34@newyorker.com,Female,86.219.17.223
Ivie,Derwin,iderwin35@discuz.net,Female,138.182.110.218
Luciano,MacKartan,lmackartan36@biblegateway.com,Male,243.231.177.175
Morena,Yeskov,myeskov37@java.com,Female,154.183.176.211
Ashlen,McLarty,amclarty38@usatoday.com,Female,211.33.206.109
Julianna,Ahrend,jahrend39@washington.edu,Female,81.23.129.144
Odella,Punton,opunton3a@latimes.com,Female,1.189.97.161
Marybeth,Gulk,mgulk3b@kickstarter.com,Female,94.239.253.49
Karola,Ferrier,kferrier3c@so-net.ne.jp,Female,198.55.146.0
Mandel,Roncelli,mroncelli3d@eepurl.com,Male,240.168.253.13
Arvin,Holberry,aholberry3e@ezinearticles.com,Male,233.119.63.89
Beryl,Klaff,bklaff3f@qq.com,Female,140.109.245.107
Finley,Pegram,fpegram3g@discovery.com,Male,39.104.98.203
Stoddard,Whilde,swhilde3h@gravatar.com,Female,139.206.198.31
Pietrek,Cowburn,pcowburn3i@blogger.com,Male,214.133.15.72
Clarita,Boecke,cboecke3j@sciencedirect.com,Female,186.253.198.228
Gregoor,Humphris,ghumphris3k@hugedomains.com,Male,130.17.49.233
Dorotea,Gladebeck,dgladebeck3l@oaic.gov.au,Female,34.163.10.171
Jeremy,Stave,jstave3m@icio.us,Male,201.31.144.36
Rubetta,Gusticke,rgusticke3n@cargocollective.com,Female,98.70.81.170
Katie,Padula,kpadula3o@de.vu,Female,245.34.60.214
Beckie,Eubank,beubank3p@phpbb.com,Female,209.209.54.166
Kleon,Dailly,kdailly3q@tmall.com,Male,199.155.251.119
Jasmina,Mumm,jmumm3r@cloudflare.com,Female,97.1.83.18
Pincas,Cameron,pcameron3s@123-reg.co.uk,Male,2.128.70.8
Taddeusz,Sargant,tsargant3t@upenn.edu,Male,240.173.54.75
Taddeo,Bolitho,tbolitho3u@google.de,Male,232.92.162.15
Killie,Pavkovic,kpavkovic3v@whitehouse.gov,Male,34.182.144.71
Aleda,Jonas,ajonas3w@yahoo.co.jp,Female,16.55.208.75
Rex,Eastabrook,reastabrook3x@yandex.ru,Male,111.63.222.197
Ajay,Abba,aabba3y@discuz.net,Female,124.28.190.201
Mason,Romaynes,mromaynes3z@t-online.de,Male,177.201.231.55
Dyanne,Sivill,dsivill40@alexa.com,Female,216.144.205.33
Cly,Mangin,cmangin41@photobucket.com,Male,236.11.24.231
Brooke,Jaksic,bjaksic42@dion.ne.jp,Female,3.250.101.178
Corrinne,Clifforth,cclifforth43@gizmodo.com,Female,173.119.24.232
Max,Glave,mglave44@merriam-webster.com,Male,21.151.160.156
Orly,Fogarty,ofogarty45@devhub.com,Female,90.140.146.79
Carlynne,Cracker,ccracker46@moonfruit.com,Female,187.120.44.220
Corrianne,Mallebone,cmallebone47@nbcnews.com,Female,250.42.238.234
Sanders,Tooker,stooker48@scientificamerican.com,Male,213.80.24.184
Nahum,Koles,nkoles49@upenn.edu,Male,174.33.9.124
Tresa,MacMaster,tmacmaster4a@privacy.gov.au,Female,33.139.166.159
Lammond,Ruben,lruben4b@gizmodo.com,Male,85.159.146.27
Erin,Gayle,egayle4c@walmart.com,Male,188.82.197.63
Fifi,Solan,fsolan4d@technorati.com,Female,3.10.70.212
Bride,Powis,bpowis4e@nationalgeographic.com,Female,206.226.226.18
Gardner,Baudains,gbaudains4f@altervista.org,Male,44.33.63.48
Cleopatra,Ife,cife4g@cbslocal.com,Female,227.152.120.68
Rooney,Tremblet,rtremblet4h@shutterfly.com,Male,65.66.164.203
Bessy,Uff,buff4i@printfriendly.com,Female,25.50.101.73
Shirleen,McCloud,smccloud4j@feedburner.com,Female,84.26.206.48
Chan,Nathan,cnathan4k@wsj.com,Male,234.230.130.117
Moise,Mollen,mmollen4l@cnet.com,Male,85.190.231.192
Lucias,Derwin,lderwin4m@theglobeandmail.com,Male,200.5.10.111
Filbert,Purton,fpurton4n@ycombinator.com,Male,243.120.129.240
Vinita,Mackstead,vmackstead4o@macromedia.com,Female,229.206.153.202
Neely,Wilbraham,nwilbraham4p@barnesandnoble.com,Female,237.215.6.145
Way,Sandon,wsandon4q@moonfruit.com,Male,79.214.159.25
Joyann,Goodin,jgoodin4r@tinypic.com,Female,187.71.146.65
Vanessa,Badby,vbadby4s@weebly.com,Female,213.89.218.86
Kaylyn,Brombell,kbrombell4t@tinyurl.com,Female,99.172.245.106
Lonee,Young,lyoung4u@china.com.cn,Female,80.31.25.242
Che,Mattson,cmattson4v@unblog.fr,Male,58.91.27.16
Burton,Obington,bobington4w@wunderground.com,Male,24.193.236.109
Giselle,McEnhill,gmcenhill4x@ucoz.ru,Female,61.25.87.110
Chet,Fehner,cfehner4y@unc.edu,Male,255.162.236.58
Starlin,Schukraft,sschukraft4z@zimbio.com,Female,3.23.56.198
Thom,Crawley,tcrawley50@myspace.com,Male,101.23.128.15
Daune,Malmar,dmalmar51@reference.com,Female,248.234.137.192
Luisa,Shieber,lshieber52@t-online.de,Female,34.81.4.171
Dolph,Crowcroft,dcrowcroft53@nsw.gov.au,Male,253.186.95.42
Adelle,Winsbury,awinsbury54@51.la,Female,19.88.217.40
Holden,MacElroy,hmacelroy55@unc.edu,Male,194.189.156.241
Jordan,Hurran,jhurran56@unc.edu,Female,200.223.135.72
Ivan,Gobolos,igobolos57@webs.com,Male,60.94.153.17
Darcy,Lyptrade,dlyptrade58@yellowbook.com,Male,239.44.126.184
Anatole,Mead,amead59@xing.com,Male,99.102.66.245
Hephzibah,Marchand,hmarchand5a@princeton.edu,Female,73.197.105.205
Wenonah,Cocks,wcocks5b@aol.com,Female,230.49.95.165
Marris,Hakes,mhakes5c@sogou.com,Female,2.65.204.163
Beale,Steptow,bsteptow5d@timesonline.co.uk,Male,243.189.76.129
Chlo,Cuphus,ccuphus5e@rambler.ru,Female,115.133.88.98
Tiphani,Crowcum,tcrowcum5f@tiny.cc,Female,206.167.98.169
Grantley,Viggers,gviggers5g@bbc.co.uk,Male,225.93.175.145
Jasmine,Minichi,jminichi5h@chron.com,Female,8.84.235.30
Saundra,Georgeon,sgeorgeon5i@trellian.com,Male,254.22.121.36
Karita,Cloy,kcloy5j@studiopress.com,Female,100.167.158.39
Oliviero,Dimnage,odimnage5k@cbsnews.com,Male,124.72.123.181
Rolfe,Vallantine,rvallantine5l@miitbeian.gov.cn,Male,169.234.239.69
Karalee,Crunkhurn,kcrunkhurn5m@disqus.com,Female,177.7.129.10
Kennan,Greir,kgreir5n@blinklist.com,Male,193.173.96.253
Sabine,Saddington,ssaddington5o@mozilla.com,Female,57.34.92.183
Tybi,Dumphries,tdumphries5p@nih.gov,Female,84.242.40.193
Devlin,Aiskovitch,daiskovitch5q@state.tx.us,Male,213.6.12.199
Lars,Van Castele,lvancastele5r@angelfire.com,Male,98.114.156.123
Elias,Elloy,eelloy5s@istockphoto.com,Male,69.56.134.140
Andeee,Dennerley,adennerley5t@npr.org,Female,159.157.58.67
Maurice,Cattach,mcattach5u@unesco.org,Male,174.251.210.59
Bettina,Coombs,bcoombs5v@nydailynews.com,Female,236.236.44.68
Joeann,Ivell,jivell5w@quantcast.com,Female,78.140.157.95
Matias,Hembling,mhembling5x@berkeley.edu,Male,85.81.94.8
Shelba,Colbertson,scolbertson5y@rambler.ru,Female,74.221.125.132
Benedetta,O'Beirne,bobeirne5z@surveymonkey.com,Female,107.180.10.107
Andras,Iacomi,aiacomi60@bbb.org,Male,9.60.194.85
Goldie,Hawford,ghawford61@ow.ly,Female,204.183.214.147
Loren,Charkham,lcharkham62@google.cn,Male,29.119.158.107
Addia,Bowater,abowater63@ted.com,Female,85.229.32.241
Tate,Vollam,tvollam64@wordpress.com,Male,14.156.107.250
Brina,Daintrey,bdaintrey65@shutterfly.com,Female,133.44.249.69
Hobie,Dingivan,hdingivan66@tripadvisor.com,Male,242.19.163.175
Lizette,Gosnall,lgosnall67@yahoo.com,Female,171.9.22.124
Coleman,Robinson,crobinson68@sourceforge.net,Male,23.90.41.190
Falkner,Gelder,fgelder69@mit.edu,Male,129.47.217.251
Corliss,Borsi,cborsi6a@phpbb.com,Female,196.237.44.140
Jimmie,Nesbitt,jnesbitt6b@dion.ne.jp,Male,135.183.55.155
Kirsten,Libbis,klibbis6c@seattletimes.com,Female,148.129.118.152
Mord,Wayon,mwayon6d@state.gov,Male,16.226.174.225
Angelia,Howatt,ahowatt6e@homestead.com,Female,235.242.99.121
Bev,Buse,bbuse6f@mozilla.org,Female,147.235.38.117
Kippar,Guittet,kguittet6g@pcworld.com,Male,62.82.214.238
Alistair,Rickesies,arickesies6h@epa.gov,Male,27.172.200.131
Hetty,Breagan,hbreagan6i@whitehouse.gov,Female,84.38.58.244
William,Akess,wakess6j@dmoz.org,Male,225.85.166.43
Sherlocke,Raoul,sraoul6k@washington.edu,Male,213.114.23.215
Fabe,Meany,fmeany6l@apache.org,Male,87.180.192.94
Roland,Kemmet,rkemmet6m@umich.edu,Male,16.108.223.174
Karole,Cobbald,kcobbald6n@rakuten.co.jp,Female,64.237.158.131
Sylas,Santori,ssantori6o@theglobeandmail.com,Male,198.50.52.233
Teodoor,Jillis,tjillis6p@cam.ac.uk,Male,209.80.73.51
Odetta,Tredwell,otredwell6q@nsw.gov.au,Female,43.54.245.193
Alley,Marsham,amarsham6r@booking.com,Male,118.194.115.80
Bev,Eustanch,beustanch6s@rakuten.co.jp,Male,244.98.105.164
Willey,Corley,wcorley6t@themeforest.net,Male,153.250.220.151
Theresina,Cockland,tcockland6u@wikipedia.org,Female,69.105.122.86
Kalli,Titmus,ktitmus6v@latimes.com,Female,75.81.165.172
Pier,Jaumet,pjaumet6w@npr.org,Female,193.177.47.78
Verena,Grand,vgrand6x@prnewswire.com,Female,64.71.65.159
Waiter,Beddo,wbeddo6y@loc.gov,Male,54.8.127.231
Theodore,Epsly,tepsly6z@china.com.cn,Male,208.194.254.4
Efren,Grabert,egrabert70@wiley.com,Male,9.4.172.60
Meier,Pearcey,mpearcey71@g.co,Male,181.25.239.239
Shana,Puve,spuve72@businessinsider.com,Female,129.103.74.44
Alric,Burwell,aburwell73@bravesites.com,Male,194.221.53.248
Camellia,Elliott,celliott74@yale.edu,Female,27.66.13.155
Sharai,Ruckert,sruckert75@merriam-webster.com,Female,102.130.248.71
Jarrid,Quinn,jquinn76@eepurl.com,Male,213.72.205.78
Wiley,Ransfield,wransfield77@blogspot.com,Male,243.98.145.81
Hildagard,Grovier,hgrovier78@1und1.de,Female,189.92.183.31
Codi,Glauber,cglauber79@histats.com,Female,188.16.24.23
Eugenie,Drewes,edrewes7a@ameblo.jp,Female,43.155.153.129
Deena,Bowler,dbowler7b@cnn.com,Female,89.27.4.86
Wendell,Domsalla,wdomsalla7c@berkeley.edu,Male,133.56.209.117
Randa,Defrain,rdefrain7d@freewebs.com,Female,215.221.150.70
Alonzo,Hookes,ahookes7e@vistaprint.com,Male,4.82.249.143
Sherline,Yeardsley,syeardsley7f@so-net.ne.jp,Female,213.110.36.56
Fraser,Rehor,frehor7g@fema.gov,Male,54.45.115.7
Dewey,Eisak,deisak7h@list-manage.com,Male,225.140.2.84
Marline,Gilfether,mgilfether7i@wisc.edu,Female,94.6.193.178
Clay,Twitty,ctwitty7j@abc.net.au,Male,221.179.195.209
Tye,Blueman,tblueman7k@loc.gov,Male,153.102.204.4
Kitti,Battisson,kbattisson7l@chicagotribune.com,Female,164.167.224.239
Brady,Seid,bseid7m@ftc.gov,Male,244.145.120.226
Kimberly,Sherington,ksherington7n@amazon.co.jp,Female,74.136.142.103
Ray,Benting,rbenting7o@parallels.com,Female,248.50.29.230
Gerardo,Dobing,gdobing7p@smh.com.au,Male,253.189.47.95
Cami,Gartside,cgartside7q@ehow.com,Female,13.241.225.97
Trula,McGinny,tmcginny7r@ftc.gov,Female,155.42.81.233
Torie,Leivesley,tleivesley7s@csmonitor.com,Female,138.103.36.20
Jeddy,Sanbrooke,jsanbrooke7t@prnewswire.com,Male,110.137.68.108
Stanford,Pashan,spashan7u@army.mil,Male,232.190.211.154
Maribeth,Belward,mbelward7v@miibeian.gov.cn,Female,120.136.59.125
Yolanda,Lawrinson,ylawrinson7w@admin.ch,Female,36.48.34.248
El,Schwant,eschwant7x@home.pl,Male,178.225.136.157
Katharyn,Sebborn,ksebborn7y@ucla.edu,Female,30.206.113.147
Peirce,Edmands,pedmands7z@desdev.cn,Male,4.175.34.12
Cristian,Linturn,clinturn80@canalblog.com,Male,209.208.158.32
Christiana,Marriage,cmarriage81@networkadvertising.org,Female,47.240.205.246
Abigail,O' Cuolahan,aocuolahan82@theglobeandmail.com,Female,135.175.205.227
Devin,Ivel,divel83@dropbox.com,Female,25.19.238.152
Agustin,Tirrey,atirrey84@dyndns.org,Male,171.188.171.227
Adriaens,Tetlow,atetlow85@skyrock.com,Female,191.101.230.177
Fair,Swindells,fswindells86@ning.com,Male,243.37.45.22
Lynette,O' Liddy,loliddy87@patch.com,Female,49.80.179.85
Alan,Daveridge,adaveridge88@t-online.de,Male,28.153.166.17
Corly,Jordon,cjordon89@tmall.com,Female,242.24.122.30
Justus,Olander,jolander8a@forbes.com,Male,187.123.7.46
Tatiania,Goghin,tgoghin8b@oaic.gov.au,Female,192.39.48.145
Ignatius,Hinnerk,ihinnerk8c@newsvine.com,Male,158.33.254.51
Trace,Green,tgreen8d@php.net,Male,67.79.73.186
Adele,Askell,aaskell8e@nature.com,Female,118.76.22.222
Benetta,Dreigher,bdreigher8f@biglobe.ne.jp,Female,157.28.208.210
Sherlock,Arends,sarends8g@google.it,Male,65.187.234.159
Washington,McKellen,wmckellen8h@howstuffworks.com,Male,207.98.60.179
Dougy,Guitel,dguitel8i@umich.edu,Male,86.224.6.127
Bridie,Da Costa,bdacosta8j@cocolog-nifty.com,Female,185.58.89.68
Nancee,Onyon,nonyon8k@godaddy.com,Female,53.43.9.189
Ware,Hegel,whegel8l@weather.com,Male,114.67.180.44
Tiffanie,Welbelove,twelbelove8m@dell.com,Female,230.124.188.38
Clemente,Devany,cdevany8n@kickstarter.com,Male,254.53.169.198
Sterne,Yarr,syarr8o@blogtalkradio.com,Male,81.27.34.94
Tamarra,Cammish,tcammish8p@springer.com,Female,112.28.204.137
Noelle,Louder,nlouder8q@photobucket.com,Female,189.125.8.236
Lou,Alderson,lalderson8r@vk.com,Female,97.114.4.37
Cori,Egle of Germany,cegleofgermany8s@hhs.gov,Female,21.24.96.39
Lucia,Brigshaw,lbrigshaw8t@umn.edu,Female,150.53.44.140
Amelina,Ruston,aruston8u@blogger.com,Female,248.80.102.231
Thedric,Turnock,tturnock8v@furl.net,Male,68.193.173.93
Dana,Leggis,dleggis8w@army.mil,Female,199.90.162.199
Antonin,Abdon,aabdon8x@feedburner.com,Male,162.51.69.147
Elysia,Bootland,ebootland8y@linkedin.com,Female,27.134.85.246
Sioux,Yesinin,syesinin8z@goo.ne.jp,Female,58.36.123.12
Courtney,Whopples,cwhopples90@google.nl,Male,122.63.158.114
Preston,Sturch,psturch91@army.mil,Male,23.224.23.223
Donall,Mullany,dmullany92@illinois.edu,Male,217.66.179.9
Natka,Fairbourn,nfairbourn93@naver.com,Female,142.228.252.161
Karl,Briddock,kbriddock94@comcast.net,Male,119.66.113.132
Adolph,Gilstoun,agilstoun95@yandex.ru,Male,229.247.215.136
Kennie,Paulsen,kpaulsen96@nhs.uk,Male,230.162.187.187
Abra,Glanvill,aglanvill97@china.com.cn,Female,202.73.215.22
Flossi,De Vries,fdevries98@jugem.jp,Female,88.169.160.6
Jarrett,Riseley,jriseley99@soundcloud.com,Male,213.226.219.6
Conant,Axell,caxell9a@jugem.jp,Male,152.184.48.179
Lin,Simonite,lsimonite9b@mozilla.com,Male,182.208.196.221
Augustina,Quirke,aquirke9c@noaa.gov,Female,147.139.93.169
Dewitt,Imrie,dimrie9d@goo.ne.jp,Male,236.188.217.99
Murielle,Moughtin,mmoughtin9e@archive.org,Female,96.191.111.41
Dewitt,Ech,dech9f@qq.com,Male,195.167.148.68
Clementine,Briat,cbriat9g@oakley.com,Female,74.160.104.47
Cecile,Waywell,cwaywell9h@businesswire.com,Female,133.7.210.224
Thaxter,Flemyng,tflemyng9i@qq.com,Male,255.17.84.45
Noreen,Francais,nfrancais9j@over-blog.com,Female,49.186.242.150
Alayne,Mallen,amallen9k@mlb.com,Female,50.210.187.104
Jordon,Mico,jmico9l@liveinternet.ru,Male,43.89.245.160
Penelopa,Hattoe,phattoe9m@cargocollective.com,Female,53.203.61.114
Reuben,Gwynne,rgwynne9n@imdb.com,Male,129.132.231.78
Kikelia,Hovie,khovie9o@kickstarter.com,Female,252.159.227.24
Luigi,Noble,lnoble9p@ihg.com,Male,179.45.28.35
Colver,Kubek,ckubek9q@hubpages.com,Male,13.229.74.230
Elisha,Maylard,emaylard9r@google.cn,Female,231.249.88.21
Lari,Hearne,lhearne9s@baidu.com,Female,1.39.177.190
Janek,Cran,jcran9t@cafepress.com,Male,22.101.142.36
Joaquin,Pantling,jpantling9u@alibaba.com,Male,201.15.195.187
Harald,Muskett,hmuskett9v@unicef.org,Male,18.117.83.107
Daffie,House,dhouse9w@technorati.com,Female,106.27.66.52
Row,Gulleford,rgulleford9x@pagesperso-orange.fr,Female,59.215.22.227
Maryanne,Grishaev,mgrishaev9y@deviantart.com,Female,232.63.3.99
Bay,Meldon,bmeldon9z@vinaora.com,Male,240.3.218.149
Hayley,Espadater,hespadatera0@chicagotribune.com,Female,34.32.116.242
Douglas,Duffitt,dduffitta1@si.edu,Male,211.104.17.10
Dagny,Langland,dlanglanda2@trellian.com,Male,205.82.155.61
Erena,Sinderson,esindersona3@csmonitor.com,Female,1.54.110.209
Taddeusz,Kopisch,tkopischa4@yandex.ru,Male,144.21.224.109
Lavena,Mellings,lmellingsa5@google.com.hk,Female,240.251.102.247
Irene,Dumphries,idumphriesa6@techcrunch.com,Female,195.204.203.177
Debera,McCraw,dmccrawa7@ucsd.edu,Female,62.56.190.115
Emmalee,Leddie,eleddiea8@amazon.co.uk,Female,229.168.101.57
Giffard,McAndie,gmcandiea9@elegantthemes.com,Male,215.106.239.41
Ophelie,MacKintosh,omackintoshaa@rakuten.co.jp,Female,101.197.190.128
Halsy,Scaddon,hscaddonab@geocities.com,Male,234.49.196.164
Deana,Kneeshaw,dkneeshawac@cyberchimps.com,Female,109.160.89.248
Deirdre,Bruneau,dbruneauad@discovery.com,Female,150.240.220.76
Vevay,Aslett,vaslettae@github.io,Female,14.184.212.102
Gusta,Banbrick,gbanbrickaf@hao123.com,Female,37.254.216.208
Avivah,Betke,abetkeag@tuttocitta.it,Female,82.74.254.192
Craggy,Attrill,cattrillah@howstuffworks.com,Male,180.245.236.240
Valentin,Glanz,vglanzai@jimdo.com,Male,212.40.228.13
Olly,Drewes,odrewesaj@acquirethisname.com,Female,3.21.251.153
Larry,Stroobant,lstroobantak@vimeo.com,Male,92.14.165.255
Nikolaus,Sevitt,nsevittal@4shared.com,Male,247.104.29.141
Bevin,Nappin,bnappinam@simplemachines.org,Male,124.92.143.215
Erhard,Dugget,eduggetan@bizjournals.com,Male,25.50.87.17
Fleming,Grazier,fgrazierao@reuters.com,Male,177.18.36.168
Garrick,Trelevan,gtrelevanap@state.gov,Male,104.153.5.111
Omar,Skeffington,oskeffingtonaq@ted.com,Male,169.186.105.154
Alvin,Gazzard,agazzardar@paginegialle.it,Male,82.203.185.62
Martyn,Oakwood,moakwoodas@google.ru,Male,5.54.107.49
Brantley,Harridge,bharridgeat@nhs.uk,Male,59.185.181.179
Lamond,Cowoppe,lcowoppeau@tinyurl.com,Male,68.175.161.40
Colene,Kienle,ckienleav@columbia.edu,Female,190.123.47.85
Tresa,Gannicleff,tgannicleffaw@bing.com,Female,148.50.130.224
Hort,Pegram,hpegramax@nytimes.com,Male,242.23.21.213
Vere,Juszczak,vjuszczakay@un.org,Female,95.23.39.9
Melisandra,Weeden,mweedenaz@answers.com,Female,241.29.92.238
Xever,Grayland,xgraylandb0@geocities.com,Male,140.49.69.108
Berne,Degoe,bdegoeb1@sphinn.com,Male,77.221.68.159
Britta,Larn,blarnb2@lulu.com,Female,254.161.254.115
Muire,Moxsom,mmoxsomb3@springer.com,Female,118.123.118.49
Naomi,Wingfield,nwingfieldb4@apache.org,Female,231.14.97.161
Danya,Di Giorgio,ddigiorgiob5@cafepress.com,Female,218.191.179.52
Chalmers,Bilney,cbilneyb6@amazonaws.com,Male,165.242.105.61
Gradeigh,Christiensen,gchristiensenb7@usatoday.com,Male,100.245.89.199
Fair,Gisbye,fgisbyeb8@is.gd,Male,77.140.255.152
Alexia,Bates,abatesb9@cargocollective.com,Female,114.119.127.134
Jeromy,Lownie,jlownieba@toplist.cz,Male,69.163.66.83
Cass,Lamblot,clamblotbb@aboutads.info,Male,231.86.35.147
Ronda,Sloper,rsloperbc@samsung.com,Female,35.162.205.190
Bobbee,Kneeland,bkneelandbd@hp.com,Female,135.224.144.105
Elsinore,Gherardelli,egherardellibe@theatlantic.com,Female,109.249.83.41
Rafa,Bowker,rbowkerbf@hugedomains.com,Female,2.136.66.253
Carolin,Ligoe,cligoebg@wikia.com,Female,170.186.155.40
Chrysler,Gallienne,cgalliennebh@bravesites.com,Female,136.116.242.112
Marshall,Stollsteimer,mstollsteimerbi@google.nl,Male,227.3.42.172
Grannie,Raisher,graisherbj@printfriendly.com,Male,99.69.24.179
Harwell,Raddin,hraddinbk@yellowpages.com,Male,212.125.81.213
Adelheid,Alyoshin,aalyoshinbl@eepurl.com,Female,14.116.195.208
Forster,Gaffer,fgafferbm@time.com,Male,170.49.210.216
Cirillo,Dickie,cdickiebn@marketwatch.com,Male,7.98.246.98
Ashia,Leele,aleelebo@abc.net.au,Female,25.26.174.35
Trenton,Skill,tskillbp@about.com,Male,29.236.76.16
Stephenie,Boggs,sboggsbq@geocities.com,Female,132.202.159.120
Miriam,Kilfether,mkilfetherbr@ucoz.com,Female,129.119.224.106
Roxanne,Fideler,rfidelerbs@cyberchimps.com,Female,243.236.90.165
Far,Saket,fsaketbt@sun.com,Male,115.81.54.66
Ulrica,Abeau,uabeaubu@studiopress.com,Female,143.141.25.245
Rouvin,Espie,respiebv@biglobe.ne.jp,Male,255.125.149.44
Marnia,Redhole,mredholebw@va.gov,Female,26.19.86.157
Verge,McDarmid,vmcdarmidbx@icio.us,Male,219.43.179.13
Heloise,Arboin,harboinby@un.org,Female,167.34.116.136
Babbette,Millam,bmillambz@wufoo.com,Female,225.255.232.248
Cassius,Brooke,cbrookec0@fc2.com,Male,93.67.251.255
Nedda,Plowman,nplowmanc1@google.es,Female,71.78.20.77
Edan,Whiston,ewhistonc2@aboutads.info,Male,206.107.12.107
Rouvin,Souten,rsoutenc3@cpanel.net,Male,182.220.226.235
Seward,Dunkerly,sdunkerlyc4@japanpost.jp,Male,188.4.154.16
Coral,Carabet,ccarabetc5@google.de,Female,218.37.38.72
Jorgan,Passby,jpassbyc6@issuu.com,Male,72.196.247.155
Fidole,Stride,fstridec7@wix.com,Male,161.131.224.138
Sheffie,Branton,sbrantonc8@webs.com,Male,45.20.201.224
Stirling,Prevost,sprevostc9@taobao.com,Male,201.232.27.159
Rubia,Ondrak,rondrakca@netscape.com,Female,216.23.38.222
Merry,Kinleyside,mkinleysidecb@posterous.com,Male,60.34.237.115
Deloria,Caldaro,dcaldarocc@twitpic.com,Female,169.68.0.141
Hortensia,Tolputt,htolputtcd@sourceforge.net,Female,129.231.162.234
Allie,Shervington,ashervingtonce@storify.com,Male,68.235.122.8
Ebba,Hiscoke,ehiscokecf@google.de,Female,39.32.170.248
Julio,Dearle-Palser,jdearlepalsercg@godaddy.com,Male,23.76.103.184
Jeramie,Selland,jsellandch@youtu.be,Male,196.203.63.187
Merrilee,de Clerc,mdeclercci@digg.com,Female,215.248.180.73
Kimball,Leber,klebercj@parallels.com,Male,22.78.77.18
Stephanus,Cotterel,scotterelck@ibm.com,Male,170.185.46.109
Tiffy,Bunworth,tbunworthcl@ted.com,Female,70.178.131.237
Bond,Camplen,bcamplencm@jalbum.net,Male,129.155.188.11
Tildy,Laidler,tlaidlercn@rakuten.co.jp,Female,250.113.198.209
Sterne,Van der Hoeven,svanderhoevenco@imdb.com,Male,189.159.123.95
Gino,McLoney,gmcloneycp@uol.com.br,Male,74.113.157.66
Blythe,Mahmood,bmahmoodcq@parallels.com,Female,1.156.235.27
Sigismundo,Pringuer,springuercr@hostgator.com,Male,102.208.158.206
Linnie,Sakins,lsakinscs@bandcamp.com,Female,97.97.89.44
Ranice,Messier,rmessierct@ovh.net,Female,142.8.138.124
Valentino,Takle,vtaklecu@studiopress.com,Male,126.138.101.84
Rees,Allnutt,rallnuttcv@salon.com,Male,226.158.81.107
Fransisco,Gornar,fgornarcw@nationalgeographic.com,Male,42.63.4.117
Allan,Playhill,aplayhillcx@ca.gov,Male,148.60.41.171
Taddeusz,Picard,tpicardcy@statcounter.com,Male,20.62.201.245
Kellen,Frane,kfranecz@about.me,Female,222.197.26.253
Adelheid,Littlefair,alittlefaird0@nsw.gov.au,Female,43.157.23.177
Elisha,Iacovozzo,eiacovozzod1@deviantart.com,Female,183.220.148.177
Darsey,Kinningley,dkinningleyd2@linkedin.com,Female,45.51.71.46
Kathye,Eadie,keadied3@altervista.org,Female,182.190.139.144
Dilan,Gadesby,dgadesbyd4@ocn.ne.jp,Male,171.18.28.209
Hedi,Ettery,hetteryd5@google.es,Female,63.112.29.40
Nicol,Sallan,nsalland6@cdc.gov,Male,1.145.238.212
Brewer,Patching,bpatchingd7@un.org,Male,252.56.129.174
Kalindi,Tocque,ktocqued8@altervista.org,Female,120.126.187.125
Haley,Houlridge,hhoulridged9@google.ru,Female,250.58.234.194
Orion,Barkworth,obarkworthda@photobucket.com,Male,131.237.115.226
Tremain,Vader,tvaderdb@imgur.com,Male,20.242.110.98
Rickie,Cawood,rcawooddc@artisteer.com,Male,225.235.230.45
Wolfgang,Bouda,wboudadd@cisco.com,Male,109.145.23.142
Gunter,Assur,gassurde@cdc.gov,Male,154.99.223.102
Barris,Cartin,bcartindf@elpais.com,Male,38.59.14.148
Michelina,Chishull,mchishulldg@dedecms.com,Female,0.106.70.74
Juline,Mates,jmatesdh@sun.com,Female,137.198.142.144
Calla,Veldens,cveldensdi@ask.com,Female,30.155.81.189
Dallis,Rustidge,drustidgedj@apple.com,Male,70.16.97.235
Graham,Carvilla,gcarvilladk@ebay.com,Male,42.119.17.116
Hakim,Cristobal,hcristobaldl@tuttocitta.it,Male,181.70.140.254
Cherrita,Mullane,cmullanedm@usnews.com,Female,210.27.128.109
Kaile,Maling,kmalingdn@booking.com,Female,216.116.132.168
Tomkin,Allam,tallamdo@amazon.co.uk,Male,245.252.54.6
Gloriane,Azam,gazamdp@nps.gov,Female,145.165.1.101
Corbie,Pinwell,cpinwelldq@forbes.com,Male,171.23.32.179
Brandi,Christauffour,bchristauffourdr@ted.com,Female,222.74.134.156
Zed,Dicky,zdickyds@cnn.com,Male,12.40.146.230
Kelsi,Fatscher,kfatscherdt@buzzfeed.com,Female,244.244.214.143
Francoise,Godsmark,fgodsmarkdu@yellowbook.com,Female,19.115.84.21
Peyton,Marwick,pmarwickdv@hc360.com,Male,240.95.247.52
Sonnie,Farrin,sfarrindw@csmonitor.com,Male,113.209.114.215
Angelique,Vezey,avezeydx@nydailynews.com,Female,215.255.71.245
Gael,Wholesworth,gwholesworthdy@shutterfly.com,Male,148.88.192.69
Winthrop,Halton,whaltondz@elpais.com,Male,166.80.37.156
Neron,Aleksankin,naleksankine0@soundcloud.com,Male,195.146.253.199
Jaclyn,Cicchitello,jcicchitelloe1@goo.gl,Female,218.177.176.155
Ferrell,Blanket,fblankete2@forbes.com,Male,146.137.101.243
Isaiah,Corhard,icorharde3@ustream.tv,Male,47.150.154.207
Beniamino,Badby,bbadbye4@prweb.com,Male,12.22.254.47
Dodie,Ream,dreame5@blogger.com,Female,247.140.240.255
Henrie,Jacobbe,hjacobbee6@deliciousdays.com,Female,179.188.124.97
Delores,Moralas,dmoralase7@alexa.com,Female,178.44.234.145
Egan,Mandeville,emandevillee8@cargocollective.com,Male,218.16.203.150
Marlene,Maudlen,mmaudlene9@sciencedaily.com,Female,49.186.14.141
Humfrey,McCauley,hmccauleyea@weibo.com,Male,62.10.231.131
Moreen,Blazynski,mblazynskieb@nasa.gov,Female,58.131.133.10
Matti,Atherton,mathertonec@dedecms.com,Female,105.11.212.154
Morgen,Iglesia,miglesiaed@jalbum.net,Male,221.187.35.38
Idalina,McKleod,imckleodee@fastcompany.com,Female,97.248.103.32
Sonnie,Paradin,sparadinef@army.mil,Male,14.183.190.234
Euell,Trobe,etrobeeg@tumblr.com,Male,132.241.90.196
Delila,Willingam,dwillingameh@tuttocitta.it,Female,237.152.132.125
Barnabe,Sidle,bsidleei@sciencedirect.com,Male,99.30.118.16
Minor,Flipek,mflipekej@meetup.com,Male,235.5.79.161
Annemarie,Sherwill,asherwillek@360.cn,Female,174.185.19.200
Trueman,Clappson,tclappsonel@youku.com,Male,103.182.183.246
Chickie,Sollon,csollonem@mysql.com,Male,231.142.175.78
Jessi,Cushion,jcushionen@statcounter.com,Female,94.8.187.172
Rhona,Cormode,rcormodeeo@oakley.com,Female,139.163.114.216
Olin,Burnel,oburnelep@imageshack.us,Male,78.73.98.207
Flor,Angeau,fangeaueq@ezinearticles.com,Female,129.28.10.161
Claribel,Pancoast,cpancoaster@hostgator.com,Female,110.233.221.143
Bronson,Comsty,bcomstyes@newsvine.com,Male,109.254.78.188
Lynette,Luchelli,lluchelliet@acquirethisname.com,Female,55.138.4.249
Matthaeus,Scaysbrook,mscaysbrookeu@etsy.com,Male,171.12.183.84
Nichol,McWilliam,nmcwilliamev@skyrock.com,Female,44.150.108.175
Ardelia,Bartolomeoni,abartolomeoniew@seattletimes.com,Female,29.87.3.193
Tabbitha,Whewell,twhewellex@acquirethisname.com,Female,223.90.168.14
Clio,Snewin,csnewiney@msn.com,Female,158.34.190.39
Lucienne,Riccardo,lriccardoez@stumbleupon.com,Female,233.229.67.59
Candi,Hacquel,chacquelf0@mozilla.org,Female,218.231.133.28
Grange,Burgen,gburgenf1@ebay.co.uk,Male,67.169.244.19
Falkner,Barehead,fbareheadf2@multiply.com,Male,152.210.192.39
Arthur,Fransinelli,afransinellif3@archive.org,Male,180.13.170.196
Stanford,Abilowitz,sabilowitzf4@vk.com,Male,186.191.100.171
Udell,Spender,uspenderf5@msn.com,Male,151.20.169.203
Vida,Hanne,vhannef6@foxnews.com,Female,142.186.30.182
Jillayne,Chasemore,jchasemoref7@php.net,Female,70.150.204.213
Hillary,Pedrazzi,hpedrazzif8@yale.edu,Female,21.187.180.198
Kathie,Bouldon,kbouldonf9@bravesites.com,Female,18.127.171.29
Brent,De la Barre,bdelabarrefa@desdev.cn,Male,180.47.92.239
Denni,Alen,dalenfb@ucoz.com,Female,193.95.192.169
Ibrahim,Galer,igalerfc@google.ca,Male,141.148.16.191
Angie,Winfrey,awinfreyfd@globo.com,Male,50.155.154.1
Jaime,Curtayne,jcurtaynefe@businessinsider.com,Female,92.80.15.189
Charissa,Donaghie,cdonaghieff@dot.gov,Female,184.211.0.40
Guthry,Slater,gslaterfg@ask.com,Male,244.64.80.15
Tabbie,Drowsfield,tdrowsfieldfh@github.com,Male,109.255.172.155
Allard,Smewing,asmewingfi@creativecommons.org,Male,103.169.214.178
Hersh,Hew,hhewfj@reference.com,Male,94.41.201.114
Emylee,Rutland,erutlandfk@army.mil,Female,163.143.8.37
Theodor,Hallward,thallwardfl@washington.edu,Male,19.32.5.45
Mohandis,Kuzma,mkuzmafm@dedecms.com,Male,43.131.123.108
Hayden,Korba,hkorbafn@army.mil,Male,184.249.34.232
Evyn,Prattin,eprattinfo@about.com,Male,30.159.104.224
Andi,Heliet,ahelietfp@printfriendly.com,Female,206.191.188.253
Quent,Dulany,qdulanyfq@plala.or.jp,Male,232.149.101.90
Andi,Griffithe,agriffithefr@facebook.com,Female,69.177.225.27
Rodger,Fidele,rfidelefs@nba.com,Male,3.172.150.19
Steward,Mewitt,smewittft@moonfruit.com,Male,234.136.232.60
Archambault,Docker,adockerfu@usgs.gov,Male,109.106.243.139
Timi,McPartlin,tmcpartlinfv@slashdot.org,Female,110.85.255.225
Betteanne,Kryzhov,bkryzhovfw@bloglovin.com,Female,210.163.27.152
Elnar,Merrick,emerrickfx@eventbrite.com,Male,179.163.27.195
Dori,Triggle,dtrigglefy@arstechnica.com,Female,61.224.215.9
De,Sharvill,dsharvillfz@mac.com,Female,48.122.154.4
Frazer,Giorgi,fgiorgig0@newyorker.com,Male,146.35.116.6
Clerc,Doppler,cdopplerg1@mtv.com,Male,41.107.39.107
Fredric,Setford,fsetfordg2@buzzfeed.com,Male,106.122.147.29
Patricio,Whyborne,pwhyborneg3@newyorker.com,Male,124.88.173.19
Carlin,Whardley,cwhardleyg4@a8.net,Female,76.19.231.222
Johannah,Anshell,janshellg5@nature.com,Female,217.63.104.211
Lombard,Goathrop,lgoathropg6@toplist.cz,Male,207.254.180.122
Elvyn,Coch,ecochg7@mysql.com,Male,119.124.176.149
Neilla,Pettman,npettmang8@walmart.com,Female,245.54.11.170
Bambi,Isworth,bisworthg9@feedburner.com,Female,189.134.83.163
Giraud,Wellan,gwellanga@yandex.ru,Male,9.196.153.49
Brig,Agnolo,bagnologb@ow.ly,Male,253.104.115.57
Trista,Bacchus,tbacchusgc@wufoo.com,Female,56.115.183.182
Adelice,Shaylor,ashaylorgd@squidoo.com,Female,197.143.86.249
Hermie,Bareford,hbarefordge@creativecommons.org,Male,5.217.198.16
Reggis,Whitticks,rwhitticksgf@aol.com,Male,197.190.127.28
Ky,Gaye,kgayegg@mapquest.com,Male,88.98.196.233
Dyana,Bilbery,dbilberygh@home.pl,Female,68.117.128.1
Rica,Wooffinden,rwooffindengi@infoseek.co.jp,Female,51.210.138.136
Amelita,Mouat,amouatgj@miibeian.gov.cn,Female,235.154.54.201
Lilia,Hamshaw,lhamshawgk@reverbnation.com,Female,168.43.62.169
Melina,Este,mestegl@redcross.org,Female,208.250.5.138
Travus,Clissett,tclissettgm@hao123.com,Male,151.6.137.30
Maxi,Albutt,malbuttgn@imdb.com,Female,102.176.18.224
Sauncho,Tann,stanngo@oracle.com,Male,169.13.103.174
Allard,Grimme,agrimmegp@netvibes.com,Male,126.2.118.165
Anatollo,Tilson,atilsongq@ox.ac.uk,Male,233.216.84.114
Mirabelle,Eginton,megintongr@feedburner.com,Female,255.247.59.10
Nap,Martynov,nmartynovgs@parallels.com,Male,78.185.165.30
Omero,Trude,otrudegt@imgur.com,Male,250.229.12.197
Domingo,De Caroli,ddecaroligu@example.com,Male,68.201.16.215
Gib,Skones,gskonesgv@phoca.cz,Male,23.44.154.17
Brien,Fearby,bfearbygw@kickstarter.com,Male,101.112.63.60
Samantha,Andriveaux,sandriveauxgx@geocities.jp,Female,32.243.153.207
Sam,Ardron,sardrongy@si.edu,Male,21.55.8.216
Shelby,Tomsu,stomsugz@bloomberg.com,Female,76.15.175.111
Loutitia,Bonus,lbonush0@state.gov,Female,86.210.232.243
Shir,Boagey,sboageyh1@bloomberg.com,Female,217.80.21.83
Giorgia,Meale,gmealeh2@google.de,Female,184.145.248.141
Shirl,Tal,stalh3@howstuffworks.com,Female,238.82.118.47
Kylie,Mitskevich,kmitskevichh4@senate.gov,Female,154.61.38.45
Seward,Roseby,srosebyh5@whitehouse.gov,Male,166.186.216.71
Amabel,Halesworth,ahalesworthh6@vimeo.com,Female,151.254.200.249
Kay,Moore,kmooreh7@accuweather.com,Female,123.112.237.170
Chic,Jillard,cjillardh8@ehow.com,Male,56.195.136.118
Louella,Curedale,lcuredaleh9@moonfruit.com,Female,151.210.21.0
Sigismundo,Gioani,sgioaniha@usgs.gov,Male,25.94.111.252
Godfrey,Giacobo,ggiacobohb@miibeian.gov.cn,Male,108.199.237.112
Erl,Pero,eperohc@aboutads.info,Male,73.53.14.193
Bendix,Brizland,bbrizlandhd@studiopress.com,Male,47.254.72.150
Sampson,Scuse,sscusehe@dmoz.org,Male,169.142.27.219
Rowland,Syddall,rsyddallhf@gnu.org,Male,77.244.38.78
Izzy,Corker,icorkerhg@mayoclinic.com,Male,147.28.168.7
Eldin,Scarborough,escarboroughhh@deviantart.com,Male,87.146.200.53
Adelaide,Beldam,abeldamhi@cloudflare.com,Female,204.162.65.177
Kara,Pauncefoot,kpauncefoothj@toplist.cz,Female,213.23.226.120
Bogey,Alstead,balsteadhk@1688.com,Male,33.13.124.125
Holden,Regina,hreginahl@newyorker.com,Male,158.60.62.153
Sherie,Rollason,srollasonhm@typepad.com,Female,249.73.250.115
Raviv,Dytham,rdythamhn@umich.edu,Male,140.110.48.233
Winfred,Solomonides,wsolomonidesho@phoca.cz,Male,168.144.9.66
Raimundo,Lucio,rluciohp@google.fr,Male,37.124.175.153
Malva,Grasser,mgrasserhq@clickbank.net,Female,132.62.89.189
Allin,Giroldi,agiroldihr@ifeng.com,Male,32.100.116.117
Menard,Fradson,mfradsonhs@foxnews.com,Male,221.244.45.66
Barbabra,Brinkworth,bbrinkworthht@cbsnews.com,Female,63.99.164.212
Quentin,Robyns,qrobynshu@howstuffworks.com,Male,196.191.12.213
Garrett,Mikalski,gmikalskihv@rakuten.co.jp,Male,100.193.40.111
Nathaniel,Benedyktowicz,nbenedyktowiczhw@creativecommons.org,Male,157.31.104.84
Aldus,Skitteral,askitteralhx@alibaba.com,Male,2.80.166.96
Becki,Westmacott,bwestmacotthy@privacy.gov.au,Female,158.154.100.43
Clayson,Brockman,cbrockmanhz@newyorker.com,Male,74.93.133.217
Ruprecht,Amorine,ramorinei0@economist.com,Male,247.16.92.51
Keefe,Mouton,kmoutoni1@blogger.com,Male,34.143.200.42
Wilt,Grouse,wgrousei2@mozilla.org,Male,48.26.31.125
Annabel,Stanner,astanneri3@macromedia.com,Female,74.8.220.68
Granger,Ilive,gilivei4@opensource.org,Male,157.222.99.253
Doralin,Laite,dlaitei5@ca.gov,Female,55.195.110.66
Jessie,Houlton,jhoultoni6@amazon.co.jp,Male,13.156.32.237
Osmond,Comazzo,ocomazzoi7@yahoo.com,Male,23.214.246.35
Nicoline,Basson,nbassoni8@symantec.com,Female,179.197.16.231
Vic,Grishakin,vgrishakini9@slashdot.org,Male,45.122.200.208
Ketty,Hay,khayia@dion.ne.jp,Female,157.82.116.4
Christel,Filipychev,cfilipychevib@mac.com,Female,224.249.69.255
Smith,Hynd,shyndic@example.com,Male,163.176.221.231
Montgomery,Flori,mfloriid@jigsy.com,Male,45.37.58.19
Saree,Leechman,sleechmanie@phpbb.com,Female,98.199.209.167
Cal,Ramplee,crampleeif@bing.com,Male,120.217.73.10
Leigh,Laterza,llaterzaig@360.cn,Female,139.210.113.231
Tove,Churm,tchurmih@pen.io,Female,217.151.141.126
Davine,Vannuchi,dvannuchiii@cisco.com,Female,10.136.59.194
Lianne,Parzizek,lparzizekij@google.com.au,Female,159.66.126.216
Aryn,Hartas,ahartasik@soundcloud.com,Female,56.10.76.196
Hayley,Puttick,hputtickil@patch.com,Female,67.165.187.239
Mirelle,Estoile,mestoileim@disqus.com,Female,63.142.213.21
Wilbur,Kendal,wkendalin@cbc.ca,Male,228.150.32.134
Aksel,Hamstead,ahamsteadio@indiegogo.com,Male,211.95.210.116
Geri,Penley,gpenleyip@yolasite.com,Female,57.52.96.208
Joanne,Mc Menamin,jmcmenaminiq@geocities.com,Female,127.240.49.164
Patton,Balducci,pbalducciir@sciencedaily.com,Male,236.35.21.14
Inigo,Skeel,iskeelis@a8.net,Male,49.127.119.139
Minetta,Bratley,mbratleyit@yale.edu,Female,16.178.45.13
Kathie,Dabinett,kdabinettiu@tripadvisor.com,Female,121.52.253.54
Tricia,Klaaassen,tklaaasseniv@behance.net,Female,134.11.81.182
Daffy,Horry,dhorryiw@zimbio.com,Female,136.52.68.157
Wanids,Eastman,weastmanix@huffingtonpost.com,Female,86.230.15.213
Gerardo,McCrie,gmccrieiy@sphinn.com,Male,60.198.128.122
Daffi,Balnave,dbalnaveiz@studiopress.com,Female,159.194.255.120
Meggy,Tawn,mtawnj0@bizjournals.com,Female,207.157.8.246
Arabele,Studeart,astudeartj1@google.es,Female,99.26.21.21
Rikki,Helsdon,rhelsdonj2@rakuten.co.jp,Male,100.61.97.69
Sydelle,Carlton,scarltonj3@seesaa.net,Female,191.141.163.171
Talia,Monery,tmoneryj4@yellowpages.com,Female,56.17.83.132
Isador,Lindl,ilindlj5@histats.com,Male,254.26.120.206
Cosme,Beardsworth,cbeardsworthj6@yahoo.com,Male,71.24.180.133
Bertha,McCome,bmccomej7@e-recht24.de,Female,153.234.185.170
Cary,Bentsen,cbentsenj8@nifty.com,Male,103.144.110.107
Anselm,Waghorn,awaghornj9@bloomberg.com,Male,14.228.244.107
Rosella,Cape,rcapeja@hc360.com,Female,181.121.40.81
Lyda,Bygrave,lbygravejb@livejournal.com,Female,26.23.236.127
Melody,Tibbs,mtibbsjc@fotki.com,Female,54.165.133.241
Verile,Lucy,vlucyjd@engadget.com,Female,77.111.47.236
Stormy,Betterton,sbettertonje@histats.com,Female,177.92.104.7
Jeri,Whistlecraft,jwhistlecraftjf@dedecms.com,Female,11.169.243.249
Jodie,Lowles,jlowlesjg@ihg.com,Female,47.210.191.47
Traci,Scurfield,tscurfieldjh@ustream.tv,Female,242.134.72.38
Natalie,Duplain,nduplainji@etsy.com,Female,219.17.182.113
Kaila,Kettel,kketteljj@alibaba.com,Female,146.136.129.240
Addy,Kneeshaw,akneeshawjk@disqus.com,Female,140.33.255.226
Kelley,Rispin,krispinjl@geocities.com,Female,153.128.38.238
Jarret,Steel,jsteeljm@msn.com,Male,148.85.75.17
Elset,Rutherfoord,erutherfoordjn@fotki.com,Female,120.166.68.138
Jerrilee,Carnegy,jcarnegyjo@ucoz.com,Female,163.115.13.16
Joanie,Kaveney,jkaveneyjp@live.com,Female,20.139.144.235
Bruis,Kingsmill,bkingsmilljq@macromedia.com,Male,1.66.73.236
Novelia,De La Salle,ndelasallejr@last.fm,Female,241.95.28.68
Lawrence,Askaw,laskawjs@biglobe.ne.jp,Male,178.43.181.76
Jens,Orthmann,jorthmannjt@1688.com,Male,86.184.241.251
Olive,Francescotti,ofrancescottiju@360.cn,Female,43.238.227.126
Timmie,Pember,tpemberjv@squarespace.com,Female,69.90.237.80
Mechelle,Govier,mgovierjw@bloglovin.com,Female,43.132.162.194
Vanna,Jorgensen,vjorgensenjx@printfriendly.com,Female,164.223.255.6
Sheridan,Triplet,stripletjy@utexas.edu,Male,24.64.166.170
Caritta,Berk,cberkjz@spotify.com,Female,129.53.54.32
Cary,Kolakovic,ckolakovick0@pinterest.com,Male,151.165.240.47
Beth,Heald,bhealdk1@toplist.cz,Female,167.31.237.255
Ashien,Gaffon,agaffonk2@deviantart.com,Female,137.101.185.180
Arnuad,Mathevon,amathevonk3@tamu.edu,Male,57.43.148.23
Eldin,Mc Queen,emcqueenk4@creativecommons.org,Male,214.62.136.98
Hymie,Blanch,hblanchk5@howstuffworks.com,Male,253.5.12.207
Etta,Lauderdale,elauderdalek6@webnode.com,Female,144.204.66.154
Torin,Walewski,twalewskik7@last.fm,Male,161.80.181.81
June,Guy,jguyk8@netvibes.com,Female,139.211.108.141
Dominga,Zini,dzinik9@vinaora.com,Female,4.63.1.159
Homer,Holhouse,hholhouseka@alibaba.com,Male,57.250.47.81
Kennett,Izchaki,kizchakikb@gov.uk,Male,215.104.192.11
Mildred,Pavek,mpavekkc@sciencedirect.com,Female,49.50.107.175
Bernardo,Padden,bpaddenkd@usda.gov,Male,96.149.130.70
Misti,Leonarde,mleonardeke@twitter.com,Female,94.114.79.162
Brok,Budleigh,bbudleighkf@intel.com,Male,29.189.7.3
Rosco,Comino,rcominokg@free.fr,Male,83.71.225.21
Dominick,Stickins,dstickinskh@flavors.me,Male,145.74.228.47
Alvie,Gowanson,agowansonki@123-reg.co.uk,Male,138.98.125.66
Chan,Chuter,cchuterkj@themeforest.net,Male,158.24.146.187
Charil,Barbisch,cbarbischkk@parallels.com,Female,80.168.235.101
Felicia,Ibbeson,fibbesonkl@ifeng.com,Female,220.229.102.214
Natalie,Jeness,njenesskm@php.net,Female,111.248.172.54
Donelle,Daysh,ddayshkn@wikia.com,Female,118.220.85.53
Gideon,Goghin,ggoghinko@redcross.org,Male,219.173.107.57
Alix,Garces,agarceskp@usa.gov,Male,118.87.71.216
Jesus,Holligan,jholligankq@hhs.gov,Male,17.191.92.104
Cristy,Batchelar,cbatchelarkr@constantcontact.com,Female,115.230.124.187
Crichton,Ellard,cellardks@linkedin.com,Male,73.205.16.26
Gypsy,Denning,gdenningkt@w3.org,Female,179.145.45.171
Jodie,Adlem,jadlemku@bandcamp.com,Male,216.2.112.179
Dom,Dickerson,ddickersonkv@samsung.com,Male,193.237.144.175
Elfrieda,Grimsdyke,egrimsdykekw@nifty.com,Female,25.163.92.173
Kaycee,Guswell,kguswellkx@berkeley.edu,Female,24.38.8.159
Marlena,Revey,mreveyky@globo.com,Female,31.243.35.149
Chaim,Aggio,caggiokz@slideshare.net,Male,49.51.140.31
Shanan,Farthing,sfarthingl0@com.com,Male,45.125.56.49
Hedi,Peche,hpechel1@sohu.com,Female,128.155.120.169
Lola,Braywood,lbraywoodl2@rambler.ru,Female,34.154.23.149
Teena,Rookeby,trookebyl3@ucoz.com,Female,59.101.126.109
Wilmette,Pirazzi,wpirazzil4@wikimedia.org,Female,95.250.127.95
Nowell,Saywell,nsaywelll5@wsj.com,Male,71.253.106.249
Tony,Creamen,tcreamenl6@qq.com,Female,93.251.72.150
Claudelle,McAster,cmcasterl7@cnet.com,Female,10.168.41.199
Shoshana,Belsham,sbelshaml8@si.edu,Female,7.35.248.236
Kara,MacGinney,kmacginneyl9@foxnews.com,Female,194.240.29.69
Stacia,Hayball,shayballla@walmart.com,Female,22.84.45.252
Brit,Brandenberg,bbrandenberglb@telegraph.co.uk,Female,202.163.51.13
Anestassia,Dawney,adawneylc@cnet.com,Female,139.169.238.126
Ailene,Caldicot,acaldicotld@is.gd,Female,61.126.103.102
Tuckie,Kleewein,tkleeweinle@tiny.cc,Male,31.124.253.134
Jamesy,Stubbin,jstubbinlf@wiley.com,Male,209.189.118.242
Hollis,O'Dowling,hodowlinglg@accuweather.com,Male,65.229.122.101
Bryon,Nock,bnocklh@prweb.com,Male,240.78.155.247
Jakob,Swinerd,jswinerdli@yellowbook.com,Male,137.41.88.215
Frederick,Kaye,fkayelj@so-net.ne.jp,Male,247.96.152.121
Duane,Galiford,dgalifordlk@bbc.co.uk,Male,76.37.188.178
Tilly,Baldacchi,tbaldacchill@jigsy.com,Female,146.187.230.205
Ludvig,Ionnidis,lionnidislm@bloglines.com,Male,190.114.146.92
Fionna,Garvagh,fgarvaghln@google.fr,Female,73.16.247.130
Nonie,Purrington,npurringtonlo@about.com,Female,108.158.117.48
Luelle,Tasker,ltaskerlp@fc2.com,Female,9.185.195.149
Glyn,Winley,gwinleylq@cyberchimps.com,Male,170.82.36.23
Pascale,Gentile,pgentilelr@yellowbook.com,Male,149.9.86.56
Kermit,Windous,kwindousls@posterous.com,Male,84.158.202.158
Deck,Waghorn,dwaghornlt@fema.gov,Male,18.38.149.169
Floria,Hannis,fhannislu@bbb.org,Female,235.70.124.135
Merv,Guisby,mguisbylv@ustream.tv,Male,181.201.57.106
Geralda,Giacoppoli,ggiacoppolilw@hubpages.com,Female,67.29.147.23
Amos,Trevaskis,atrevaskislx@google.co.jp,Male,42.54.44.45
Sybyl,Yole,syolely@blinklist.com,Female,250.10.169.147
Saundra,Gillan,sgillanlz@princeton.edu,Female,180.84.143.236
Ingmar,Gawen,igawenm0@cbslocal.com,Male,204.49.253.30
Elvira,Barsby,ebarsbym1@loc.gov,Female,235.77.85.10
Jean,Cowlas,jcowlasm2@craigslist.org,Male,83.235.169.184
Ethel,Titchmarsh,etitchmarshm3@infoseek.co.jp,Female,167.133.25.248
Cherri,Claussen,cclaussenm4@parallels.com,Female,174.179.16.170
Tawsha,Mattiacci,tmattiaccim5@ebay.co.uk,Female,238.21.19.91
Booth,Tripe,btripem6@scribd.com,Male,129.219.165.222
Valry,Gibby,vgibbym7@marketwatch.com,Female,33.222.92.69
Margette,Vigurs,mvigursm8@github.com,Female,249.195.238.243
Barri,Cowperthwaite,bcowperthwaitem9@sbwire.com,Male,107.129.150.30
Fabien,Strase,fstrasema@123-reg.co.uk,Male,13.96.244.211
Rahel,Castiello,rcastiellomb@google.co.uk,Female,253.238.22.191
Felipe,Wolvey,fwolveymc@blog.com,Male,122.53.234.36
Nessa,Kinsley,nkinsleymd@simplemachines.org,Female,247.29.2.198
Krysta,Tulip,ktulipme@xing.com,Female,120.214.2.144
Richie,Horsefield,rhorsefieldmf@4shared.com,Male,227.243.84.96
Ivie,Scheffler,ischefflermg@mtv.com,Female,178.118.28.128
Arty,Gosland,agoslandmh@google.de,Male,223.0.215.254
Eliza,LAbbet,elabbetmi@scientificamerican.com,Female,14.9.107.198
Charlotta,Orniz,cornizmj@yale.edu,Female,171.3.123.186
Doralynne,Probbing,dprobbingmk@hugedomains.com,Female,85.159.221.57
Danny,Scotts,dscottsml@soup.io,Male,70.52.20.53
Kin,O' Flaherty,koflahertymm@taobao.com,Male,48.112.255.231
Zacherie,Hirjak,zhirjakmn@google.co.jp,Male,218.205.180.0
Vannie,Cumbes,vcumbesmo@nbcnews.com,Female,53.16.228.67
Denyse,Cresswell,dcresswellmp@sciencedirect.com,Female,93.90.190.107
Danika,Vannet,dvannetmq@biblegateway.com,Female,73.143.116.17
Isak,Tuke,itukemr@meetup.com,Male,163.82.21.255
Cesare,Dalinder,cdalinderms@bbc.co.uk,Male,96.49.72.156
Merwyn,Levitt,mlevittmt@va.gov,Male,210.138.18.151
Chadd,Gooddy,cgooddymu@harvard.edu,Male,39.52.68.61
Marlee,Benjamin,mbenjaminmv@homestead.com,Female,216.42.74.225
Gordy,Kristof,gkristofmw@google.com,Male,141.34.44.100
Cull,Spiers,cspiersmx@last.fm,Male,140.187.169.225
Goraud,Billin,gbillinmy@php.net,Male,200.232.4.69
Herminia,Finlater,hfinlatermz@trellian.com,Female,135.124.36.193
Ruthanne,Brettelle,rbrettellen0@e-recht24.de,Female,43.242.150.107
Ealasaid,Dyter,edytern1@joomla.org,Female,252.234.51.60
Wallis,Thom,wthomn2@chicagotribune.com,Female,49.194.204.150
Torrey,Poser,tposern3@statcounter.com,Male,222.86.100.189
Desirae,Nanuccioi,dnanuccioin4@purevolume.com,Female,121.188.35.121
Carole,Ellor,cellorn5@bandcamp.com,Female,112.78.29.208
Nissie,Wethered,nwetheredn6@narod.ru,Female,142.159.70.231
Blake,Mutlow,bmutlown7@bbc.co.uk,Female,41.202.32.29
Ewan,Schenfisch,eschenfischn8@plala.or.jp,Male,24.152.247.216
Bink,McGraffin,bmcgraffinn9@skyrock.com,Male,76.221.121.122
Heinrik,Kleen,hkleenna@ehow.com,Male,234.213.80.18
Kendell,Darke,kdarkenb@reddit.com,Male,195.31.2.48
Mollee,Mattingly,mmattinglync@businesswire.com,Female,22.72.127.253
Aleksandr,Baudesson,abaudessonnd@skype.com,Male,112.167.156.198
Euphemia,Gyorgy,egyorgyne@google.nl,Female,52.81.80.55
Murial,Geydon,mgeydonnf@clickbank.net,Female,195.103.230.111
Christoph,Antonopoulos,cantonopoulosng@g.co,Male,252.80.178.117
Oswell,Pieracci,opieraccinh@jimdo.com,Male,16.223.216.106
Marin,Diben,mdibenni@zimbio.com,Female,42.85.67.44
Erma,Morton,emortonnj@liveinternet.ru,Female,63.250.230.58
Candra,Farron,cfarronnk@delicious.com,Female,148.118.235.119
Jecho,Krolle,jkrollenl@msn.com,Male,219.73.242.39
Nance,Bartholomaus,nbartholomausnm@goodreads.com,Female,121.196.158.207
Demeter,Summons,dsummonsnn@samsung.com,Female,201.194.126.84
Germaine,Hellyar,ghellyarno@biblegateway.com,Female,151.44.234.250
Carver,Swainsbury,cswainsburynp@gmpg.org,Male,142.14.167.251
Sara,Whybray,swhybraynq@amazon.de,Female,36.239.6.90
Eachelle,Garwood,egarwoodnr@go.com,Female,150.74.155.8
Mace,Quene,mquenens@paypal.com,Male,138.205.56.74
Cleopatra,Scarre,cscarrent@livejournal.com,Female,8.237.89.254
Freeman,McCambrois,fmccambroisnu@phoca.cz,Male,165.143.212.41
Raynard,Arderne,rardernenv@google.cn,Male,34.138.142.203
Gaby,Cazereau,gcazereaunw@mediafire.com,Female,85.250.199.44
Emilia,Loudyan,eloudyannx@state.gov,Female,89.29.88.155
Yorker,Pavlishchev,ypavlishchevny@nydailynews.com,Male,105.177.75.82
Leupold,Ickovici,lickovicinz@hatena.ne.jp,Male,81.101.96.69
Alika,Feavyour,afeavyouro0@jimdo.com,Female,145.251.238.20
Killy,Cuvley,kcuvleyo1@digg.com,Male,78.14.59.57
Eli,Lefever,elefevero2@delicious.com,Male,143.51.25.246
Florencia,Remon,fremono3@phpbb.com,Female,103.249.124.54
Branden,Tippell,btippello4@bigcartel.com,Male,199.247.77.93
Dianne,Stanyforth,dstanyfortho5@chron.com,Female,4.134.41.4
Pascal,Dionisii,pdionisiio6@people.com.cn,Male,185.185.198.125
Riannon,Seligson,rseligsono7@barnesandnoble.com,Female,5.114.174.103
Wendell,MacEveley,wmaceveleyo8@shareasale.com,Male,102.105.179.132
Elspeth,Zmitruk,ezmitruko9@forbes.com,Female,178.6.159.236
Gerri,Sampson,gsampsonoa@mail.ru,Male,41.132.176.54
Annadiana,Humes,ahumesob@patch.com,Female,84.207.33.245
Hunt,Milella,hmilellaoc@t-online.de,Male,190.56.116.16
Welsh,Gibbons,wgibbonsod@accuweather.com,Male,36.133.187.164
Olva,Buffham,obuffhamoe@gravatar.com,Female,128.224.214.95
Esme,Towle,etowleof@marriott.com,Male,146.22.86.214
Arliene,Guerrieri,aguerrieriog@yandex.ru,Female,157.140.217.61
Selle,Bignall,sbignalloh@ow.ly,Female,161.122.193.171
De witt,Spellsworth,dspellsworthoi@tamu.edu,Male,1.224.152.128
Cull,Jouannisson,cjouannissonoj@edublogs.org,Male,14.159.247.9
Burlie,Jinkinson,bjinkinsonok@toplist.cz,Male,173.87.157.119
Sherilyn,Folcarelli,sfolcarelliol@cyberchimps.com,Female,53.109.208.78
Pablo,Leblanc,pleblancom@jalbum.net,Male,237.216.51.37
Wilmar,Middlehurst,wmiddlehurston@un.org,Male,104.254.102.189
Florella,Jagels,fjagelsoo@ucoz.ru,Female,22.53.184.244
Sigmund,Avory,savoryop@flavors.me,Male,104.245.105.253
Joye,Humbell,jhumbelloq@studiopress.com,Female,5.231.203.220
Nancee,Labrenz,nlabrenzor@slate.com,Female,14.85.193.16
Jamal,Foucher,jfoucheros@washington.edu,Male,130.195.219.110
Irvin,Lowry,ilowryot@microsoft.com,Male,247.106.255.194
Clarence,Cattonnet,ccattonnetou@seattletimes.com,Male,160.66.43.1
Annemarie,Spawell,aspawellov@mediafire.com,Female,255.216.239.175
Jimmy,Hayford,jhayfordow@posterous.com,Male,105.148.82.5
Shelby,Sabban,ssabbanox@statcounter.com,Female,44.45.154.90
Dag,Dykes,ddykesoy@vistaprint.com,Male,10.16.105.73
Devina,Birkenshaw,dbirkenshawoz@squidoo.com,Female,15.95.234.94
Julianna,Hulk,jhulkp0@blogs.com,Female,202.123.224.218
Melloney,Fenby,mfenbyp1@baidu.com,Female,246.191.171.129
Becca,O'Lahy,bolahyp2@businesswire.com,Female,36.218.65.106
Gerardo,Jovic,gjovicp3@baidu.com,Male,100.68.221.239
Phyllis,Cutler,pcutlerp4@imdb.com,Female,9.142.222.56
Laird,Attiwill,lattiwillp5@craigslist.org,Male,199.171.165.144
Tracey,McCluin,tmccluinp6@chronoengine.com,Male,56.199.31.46
Blair,Bofield,bbofieldp7@soup.io,Male,191.74.120.136
Reggie,Blandamore,rblandamorep8@amazonaws.com,Female,145.120.54.217
Stacy,Tyas,styasp9@jigsy.com,Female,121.100.4.176
Fiorenze,Ubee,fubeepa@wired.com,Female,169.61.117.68
Mallorie,Kienlein,mkienleinpb@arizona.edu,Female,197.27.8.101
Man,Alexander,malexanderpc@mac.com,Male,20.213.6.243
Carl,Lodin,clodinpd@newyorker.com,Male,24.134.78.98
Sayre,Malenoir,smalenoirpe@barnesandnoble.com,Female,237.36.184.36
Riccardo,Besnard,rbesnardpf@go.com,Male,138.43.69.37
Rollin,Warlton,rwarltonpg@youtu.be,Male,83.111.193.75
Lorraine,Skittles,lskittlesph@globo.com,Female,92.42.128.204
Ansel,Harkins,aharkinspi@umn.edu,Male,154.226.213.250
Demetri,Toderini,dtoderinipj@mediafire.com,Male,39.186.0.162
Margret,Danaher,mdanaherpk@oracle.com,Female,178.11.174.92
Nahum,Epsley,nepsleypl@ow.ly,Male,96.248.162.47
Englebert,Fee,efeepm@about.com,Male,174.85.47.141
Mason,Waddam,mwaddampn@booking.com,Male,40.201.249.95
Chilton,Tellesson,ctellessonpo@goodreads.com,Male,158.89.87.196
Waylin,Kayne,wkaynepp@vistaprint.com,Male,94.180.33.10
Enriqueta,Cuskery,ecuskerypq@mail.ru,Female,61.136.153.131
Bonita,Hannabuss,bhannabusspr@addthis.com,Female,159.143.223.37
Jannelle,Whitham,jwhithamps@hc360.com,Female,237.111.20.140
Vonny,Mompesson,vmompessonpt@upenn.edu,Female,68.237.251.46
Lacey,Dabney,ldabneypu@google.co.jp,Female,133.191.204.93
Bram,Czadla,bczadlapv@cnbc.com,Male,140.166.123.25
Cozmo,Herreran,cherreranpw@friendfeed.com,Male,45.223.62.100
Dillon,Romi,dromipx@whitehouse.gov,Male,52.9.101.94
Simon,Ferrar,sferrarpy@businesswire.com,Male,87.34.96.12
Julietta,Fosdyke,jfosdykepz@altervista.org,Female,175.82.116.157
Chloris,Kensit,ckensitq0@vkontakte.ru,Female,6.43.231.81
Salvidor,Tuffield,stuffieldq1@gravatar.com,Male,51.48.58.137
Trista,todor,ttodorq2@opensource.org,Female,183.12.230.153
Aurelie,Cess,acessq3@csmonitor.com,Female,185.15.16.61
Flynn,Handrick,fhandrickq4@newsvine.com,Male,199.206.16.109
Trixy,Farbrace,tfarbraceq5@ihg.com,Female,36.20.152.80
Sayers,Schwier,sschwierq6@weather.com,Male,135.4.13.150
Vivyanne,Portigall,vportigallq7@ovh.net,Female,164.188.59.46
Carlo,Posselow,cposselowq8@miibeian.gov.cn,Male,132.24.90.83
Pen,Mapam,pmapamq9@mtv.com,Female,11.174.140.143
Ferdy,Hassett,fhassettqa@oakley.com,Male,46.130.204.34
Boyd,Dooman,bdoomanqb@webs.com,Male,174.25.252.99
Devin,Cassam,dcassamqc@seattletimes.com,Male,211.152.40.49
Jermaine,Winckles,jwincklesqd@behance.net,Male,231.45.168.56
Jasen,Gaskarth,jgaskarthqe@adobe.com,Male,207.3.72.250
Allx,Featherbie,afeatherbieqf@themeforest.net,Female,122.167.78.176
Valerye,Curzon,vcurzonqg@tamu.edu,Female,12.2.98.160
Torin,Barden,tbardenqh@addthis.com,Male,183.133.246.89
Jenna,Lillyman,jlillymanqi@statcounter.com,Female,174.185.7.135
Tobin,Tunnah,ttunnahqj@wisc.edu,Male,136.32.200.52
Suzann,Fumagalli,sfumagalliqk@yellowbook.com,Female,166.236.157.171
Dannie,Dupre,ddupreql@jimdo.com,Male,103.197.13.2
Bonita,Kellard,bkellardqm@hubpages.com,Female,146.159.5.109
Una,Bayly,ubaylyqn@trellian.com,Female,10.87.219.143
Esra,Attenborrow,eattenborrowqo@spotify.com,Male,133.48.53.165
Greer,Tankin,gtankinqp@privacy.gov.au,Female,103.106.247.82
Tristam,Workman,tworkmanqq@digg.com,Male,105.34.25.113
Annaliese,Harburtson,aharburtsonqr@nydailynews.com,Female,156.227.62.86
Sansone,Korbmaker,skorbmakerqs@sourceforge.net,Male,216.116.234.144
Nelson,Varey,nvareyqt@whitehouse.gov,Male,130.107.74.251
Gabriello,Eivers,geiversqu@si.edu,Male,5.89.253.159
Byrom,Boddie,bboddieqv@blogspot.com,Male,172.247.42.28
Sib,Rourke,srourkeqw@cyberchimps.com,Female,121.122.215.122
Miles,Mawhinney,mmawhinneyqx@google.pl,Male,188.21.144.250
Isiahi,Raddenbury,iraddenburyqy@ted.com,Male,30.197.125.37
Dode,Bramhall,dbramhallqz@nature.com,Female,80.218.203.242
Kipper,Girdler,kgirdlerr0@quantcast.com,Male,196.28.12.123
Clayborne,Poznan,cpoznanr1@prlog.org,Male,227.85.105.150
Camella,Izakof,cizakofr2@chronoengine.com,Female,242.168.229.153
Colver,Thying,cthyingr3@devhub.com,Male,52.2.100.172
Rand,Fernando,rfernandor4@state.tx.us,Male,6.216.217.170
Aigneis,Harborow,aharborowr5@businessweek.com,Female,83.152.54.148
Aldridge,Shirlaw,ashirlawr6@craigslist.org,Male,126.225.51.11
Nestor,Nilles,nnillesr7@moonfruit.com,Male,165.10.176.215
Odelle,Huygens,ohuygensr8@taobao.com,Female,118.2.247.157
Emmanuel,Dewett,edewettr9@geocities.com,Male,30.246.61.54
Maryl,Wellbeloved,mwellbelovedra@cbslocal.com,Female,133.201.219.183
Greta,Rown,grownrb@java.com,Female,97.131.58.146
Kimmy,Goggin,kgogginrc@ycombinator.com,Female,162.232.202.225
Jasen,Braycotton,jbraycottonrd@typepad.com,Male,182.90.32.229
Bridget,Fishly,bfishlyre@bizjournals.com,Female,23.241.138.49
Pattie,Merriment,pmerrimentrf@alexa.com,Male,39.82.6.51
Renado,Dodswell,rdodswellrg@wikispaces.com,Male,16.184.91.21
Aeriel,Klagges,aklaggesrh@tinypic.com,Female,87.115.76.49
Sandro,Stollard,sstollardri@elegantthemes.com,Male,190.11.241.235
Elia,Krzysztof,ekrzysztofrj@europa.eu,Male,51.185.103.176
Sonja,Jewel,sjewelrk@slate.com,Female,50.31.57.106
Julianne,Umfrey,jumfreyrl@ifeng.com,Female,176.132.232.240
Colas,Bonsey,cbonseyrm@illinois.edu,Male,50.196.194.123
Maximilian,Maharg,mmahargrn@live.com,Male,42.244.13.235
Ray,Aird,rairdro@blogtalkradio.com,Female,180.204.38.180
Ky,Pardoe,kpardoerp@imgur.com,Male,188.152.200.152
Jeremiah,Pocke,jpockerq@fda.gov,Male,126.233.87.181
Yancy,Rattray,yrattrayrr@wufoo.com,Male,217.166.115.247
